smiles,predicted_prob,predicted_label
CN(C)c1ccc2c(c1)OC(c1ccccc1)=CC2=CC=CC=Cc1cccc2c3n(c(-c4ccccc4)c12)[B-](F)(F)[N+]1=C(c2ccccc2)c2ccccc2C1=C3,0.9447855659036564,1
CN(C)c1ccc2c(c1)OC(c1ccccc1)=CC2=CC=CC=Cc1cccc2c1C(c1ccccc1)=[N+]1C2=Cc2c3ccccc3c(-c3ccccc3)n2[B-]1(F)F,0.9438216720581902,1
CN(C)c1ccc2c(c1)OC(c1ccccc1)=CC2=CC=CC=Cc1ccc2c3n(c(-c4ccccc4)c2c1)[B-](F)(F)[N+]1=C(c2ccccc2)c2ccccc2C1=C3,0.9430604984605573,1
CN(C)c1ccc2c(c1)OC(c1ccccc1)=CC2=CC=CC=Cc1cccc2c1C1=Cc3c4ccccc4c(-c4ccccc4)n3[B-](F)(F)[N+]1=C2c1ccccc1,0.9403773082722512,1
CN(C)c1ccc2c(c1)OC(c1ccccc1)=CC2=CC=CC=Cc1ccc2c(c1)C1=Cc3c4ccccc4c(-c4ccccc4)n3[B-](F)(F)[N+]1=C2c1ccccc1,0.9392953841758102,1
CN(C)c1ccc2c(c1)OC(c1ccccc1)=CC2=CC=Cc1cccc2c3n(c(-c4ccccc4)c12)[B-](F)(F)[N+]1=C(c2ccccc2)c2ccccc2C1=C3,0.938776993783128,1
CN(C)c1ccc2c(c1)OC(c1ccccc1)=CC2=CC=CC=Cc1ccccc1C1=[N+]2C(=Cc3c4ccccc4c(-c4ccccc4)n3[B-]2(F)F)c2ccccc21,0.9370677582000165,1
CN(C)c1ccc2c(c1)OC(c1ccccc1)=CC2=CC=CC=Cc1ccccc1-c1c2ccccc2c2n1[B-](F)(F)[N+]1=C(c3ccccc3)c3ccccc3C1=C2,0.9367920696020196,1
CN(C)c1ccc2c(c1)OC(c1ccccc1)=CC2=CC=Cc1cccc2c1C(c1ccccc1)=[N+]1C2=Cc2c3ccccc3c(-c3ccccc3)n2[B-]1(F)F,0.9356369966501634,1
CN(C)c1ccc2c(c1)OC(c1ccccc1)=CC2=CC=Cc1ccc2c3n(c(-c4ccccc4)c2c1)[B-](F)(F)[N+]1=C(c2ccccc2)c2ccccc2C1=C3,0.9351043305802622,1
CN(C)c1ccc2c(c1)OC(c1ccccc1)=CC2=CC=CC=Cc1ccc2c(c1)C(c1ccccc1)=[N+]1C2=Cc2c3ccccc3c(-c3ccccc3)n2[B-]1(F)F,0.9335174131725187,1
CN(C)c1ccc2c(c1)OC(c1ccccc1)=CC2=CC=CC=Cc1ccc(C2=[N+]3C(=Cc4c5ccccc5c(-c5ccccc5)n4[B-]3(F)F)c3ccccc32)cc1,0.9324476816080908,1
CN(C)c1ccc2c(c1)OC(c1ccccc1)=CC2=CC=CC=Cc1ccc(-c2c3ccccc3c3n2[B-](F)(F)[N+]2=C(c4ccccc4)c4ccccc4C2=C3)cc1,0.9324476816080908,1
CN(C)c1ccc2c(c1)OC(c1ccccc1)=CC2=CC=CC=Cc1cccc2c(-c3ccccc3)n3c(c12)C=C1c2ccccc2C(c2ccccc2)=[N+]1[B-]3(F)F,0.9303220349157958,1
CN(C)c1ccc2c(c1)OC(c1ccccc1)=CC2=CC=CC=CC1=C2c3ccccc3C(c3ccccc3)=[N+]2[B-](F)(F)n2c1c1ccccc1c2-c1ccccc1,0.9293415158681656,1
CN(C)c1ccc2c(c1)OC(c1ccccc1)=CC2=CC=CC=Cc1cccc(-c2c3ccccc3c3n2[B-](F)(F)[N+]2=C(c4ccccc4)c4ccccc4C2=C3)c1,0.9255945462667009,1
CN(C)c1ccc2c(c1)OC(c1ccccc1)=CC2=CC=Cc1cccc2c1C1=Cc3c4ccccc4c(-c4ccccc4)n3[B-](F)(F)[N+]1=C2c1ccccc1,0.9240646017533716,1
CN(C)c1ccc2c(c1)OC(c1ccccc1)=CC2=CC=Cc1ccc2c(c1)C1=Cc3c4ccccc4c(-c4ccccc4)n3[B-](F)(F)[N+]1=C2c1ccccc1,0.922622921759114,1
CN(C)c1ccc2c(c1)OC(c1ccccc1)=CC2=CC=CC=Cc1ccc2c(-c3ccccc3)n3c(c2c1)C=C1c2ccccc2C(c2ccccc2)=[N+]1[B-]3(F)F,0.921309157913185,1
CN(C)c1ccc2c(c1)OC(c1ccccc1)=CC2=CC=Cc1ccc2c(c1)C(c1ccccc1)=[N+]1C2=Cc2c3ccccc3c(-c3ccccc3)n2[B-]1(F)F,0.9082698373928296,1
CN(C)c1ccc2c(c1)OC(c1ccccc1)=CC2=CC=Cc1ccccc1C1=[N+]2C(=Cc3c4ccccc4c(-c4ccccc4)n3[B-]2(F)F)c2ccccc21,0.906549959813672,1
CN(C)c1ccc2c(c1)OC(c1ccccc1)=CC2=CC=Cc1ccccc1-c1c2ccccc2c2n1[B-](F)(F)[N+]1=C(c3ccccc3)c3ccccc3C1=C2,0.9007318560200646,1
CN(C)c1ccc2c(c1)OC(c1ccccc1)=CC2=CC=Cc1ccc(C2=[N+]3C(=Cc4c5ccccc5c(-c5ccccc5)n4[B-]3(F)F)c3ccccc32)cc1,0.898929546955798,1
CN(C)c1ccc2c(c1)OC(c1ccccc1)=CC2=CC=Cc1ccc(-c2c3ccccc3c3n2[B-](F)(F)[N+]2=C(c4ccccc4)c4ccccc4C2=C3)cc1,0.898929546955798,1
CN(C)c1ccc2c(c1)OC(c1ccccc1)=CC2=CC=Cc1cccc2c(-c3ccccc3)n3c(c12)C=C1c2ccccc2C(c2ccccc2)=[N+]1[B-]3(F)F,0.8920333543877301,1
CN(C)c1ccc2c(c1)OC(c1ccccc1)=CC2=CC=Cc1cccc(-c2c3ccccc3c3n2[B-](F)(F)[N+]2=C(c4ccccc4)c4ccccc4C2=C3)c1,0.8917264409194321,1
CN(C)c1ccc2c(c1)OC(c1ccccc1)=CC2=CC=CC=Cc1cccc(C2=[N+]3C(=Cc4c5ccccc5c(-c5ccccc5)n4[B-]3(F)F)c3ccccc32)c1,0.8842613959384774,1
CN(C)c1ccc2c(c1)OC(c1ccccc1)=CC2=CC=CC1=C2c3ccccc3C(c3ccccc3)=[N+]2[B-](F)(F)n2c1c1ccccc1c2-c1ccccc1,0.8747450209622275,1
CN(C)c1ccc2c(c1)OC(c1ccccc1)=CC2=CC=Cc1ccc2c(-c3ccccc3)n3c(c2c1)C=C1c2ccccc2C(c2ccccc2)=[N+]1[B-]3(F)F,0.8458755024019727,1
CN1C(=CC=Cc2cccc3c4n(c(-c5ccccc5)c23)[B-](F)(F)[N+]2=C(c3ccccc3)c3ccccc3C2=C4)C=Cc2ccccc21,0.8434629355363563,1
CN1C(=CC=Cc2cccc3c2C(c2ccccc2)=[N+]2C3=Cc3c4ccccc4c(-c4ccccc4)n3[B-]2(F)F)C=Cc2ccccc21,0.8141230926398768,1
CCN1C(=CC=Cc2cccc3c2C(c2ccccc2)=[N+]2C3=Cc3c4ccccc4c(-c4ccccc4)n3[B-]2(F)F)Sc2ccccc21,0.7759103875405892,1
CCN1C(=CC=Cc2cccc3c4n(c(-c5ccccc5)c23)[B-](F)(F)[N+]2=C(c3ccccc3)c3ccccc3C2=C4)Sc2ccccc21,0.7740984176736692,1
CN(C)c1ccc2c(c1)OC(c1ccccc1)=CC2=CC=Cc1cccc(C2=[N+]3C(=Cc4c5ccccc5c(-c5ccccc5)n4[B-]3(F)F)c3ccccc32)c1,0.7701200351408183,1
CN1C(=CC=Cc2cccc3c2C2=Cc4c5ccccc5c(-c5ccccc5)n4[B-](F)(F)[N+]2=C3c2ccccc2)C=Cc2ccccc21,0.7666626466468328,1
CN1C(=CC=Cc2cccc3c2C(c2ccccc2)=[N+]2C3=Cc3c4ccccc4c(-c4ccccc4)n3[B-]2(F)F)C(C)(C)c2ccccc21,0.7211159728585597,1
CN1C(=CC=Cc2ccc3c(c2)C2=Cc4c5ccccc5c(-c5ccccc5)n4[B-](F)(F)[N+]2=C3c2ccccc2)C=Cc2ccccc21,0.654219148223521,1
CCN1C(=CC=Cc2cccc3c2C2=Cc4c5ccccc5c(-c5ccccc5)n4[B-](F)(F)[N+]2=C3c2ccccc2)Sc2ccccc21,0.627265640708793,1
CN1C(=CC=Cc2cccc3c4n(c(-c5ccccc5)c23)[B-](F)(F)[N+]2=C(c3ccccc3)c3ccccc3C2=C4)C(C)(C)c2ccccc21,0.6092087427693371,1
F[B-]1(F)n2c(c3cccc(C=Cc4ccc(N5c6ccccc6CCc6ccccc65)cc4)c3c2-c2ccccc2)C=C2c3ccccc3C(c3ccccc3)=[N+]21,0.5904829299860425,1
CN(C)c1ccc2c(c1)C1=Cc3c4ccccc4c(-c4ccccc4)n3[B-](F)(F)[N+]1=C2c1ccccc1,0.5828663062960373,1
CN1C(=CC=Cc2ccc3c(c2)C(c2ccccc2)=[N+]2C3=Cc3c4ccccc4c(-c4ccccc4)n3[B-]2(F)F)C=Cc2ccccc21,0.5673008479396576,1
CN(C)c1ccc2c(c1)C(c1ccccc1)=[N+]1C2=Cc2c3ccccc3c(-c3ccccc3)n2[B-]1(F)F,0.5366791296428536,1
CN1C(=CC=Cc2cccc3c2C2=Cc4c5ccccc5c(-c5ccccc5)n4[B-](F)(F)[N+]2=C3c2ccccc2)C(C)(C)c2ccccc21,0.5337919466146477,1
CN(C)c1ccc(C=Cc2ccc3c4n(c(-c5ccccc5)c3c2)[B-](F)(F)[N+]2=C(c3ccccc3)c3ccccc3C2=C4)cc1,0.5275433875385306,1
CN(C)c1ccc(C=Cc2cccc3c4n(c(-c5ccccc5)c23)[B-](F)(F)[N+]2=C(c3ccccc3)c3ccccc3C2=C4)cc1,0.5206213005771824,1
CCN1C(=CC=Cc2ccc3c(c2)C2=Cc4c5ccccc5c(-c5ccccc5)n4[B-](F)(F)[N+]2=C3c2ccccc2)Sc2ccccc21,0.5182610384270175,1
CN1C(=CC=Cc2cccc(-c3c4ccccc4c4n3[B-](F)(F)[N+]3=C(c5ccccc5)c5ccccc5C3=C4)c2)C=Cc2ccccc21,0.5126232152236594,1
CN1C(=CC=Cc2ccc3c4n(c(-c5ccccc5)c3c2)[B-](F)(F)[N+]2=C(c3ccccc3)c3ccccc3C2=C4)C=Cc2ccccc21,0.5032202041537929,1
CCN1C(=CC=Cc2ccc3c4n(c(-c5ccccc5)c3c2)[B-](F)(F)[N+]2=C(c3ccccc3)c3ccccc3C2=C4)Sc2ccccc21,0.49212605233028944,0
CN(C)c1ccc(c2cccc3c4n(c(-c5ccccc5)c23)[B-](F)(F)[N+]2=C(c3ccccc3)c3ccccc3C2=C4)cc1,0.4782424297356166,0
F[B-]1(F)n2c(c3ccc(C=Cc4ccc(N5c6ccccc6CCc6ccccc65)cc4)cc3c2-c2ccccc2)C=C2c3ccccc3C(c3ccccc3)=[N+]21,0.4750759355463432,0
CN1C(=CC=Cc2ccccc2-c2c3ccccc3c3n2[B-](F)(F)[N+]2=C(c4ccccc4)c4ccccc4C2=C3)C=Cc2ccccc21,0.470529997858896,0
CN1C(=CC=Cc2cccc3c(-c4ccccc4)n4c(c23)C=C2c3ccccc3C(c3ccccc3)=[N+]2[B-]4(F)F)C=Cc2ccccc21,0.46193969986912936,0
CCN1C(=CC=Cc2ccc3c(c2)C(c2ccccc2)=[N+]2C3=Cc3c4ccccc4c(-c4ccccc4)n3[B-]2(F)F)Sc2ccccc21,0.45119534079031987,0
CN1C(=CC=Cc2ccccc2C2=[N+]3C(=Cc4c5ccccc5c(-c5ccccc5)n4[B-]3(F)F)c3ccccc32)C=Cc2ccccc21,0.4502071262684208,0
CN(C)c1ccc(-c2ccc(c3ccc4c5n(c(-c6ccccc6)c4c3)[B-](F)(F)[N+]3=C(c4ccccc4)c4ccccc4C3=C5)s2)cc1,0.44622175739308134,0
CCN1C(=CC=Cc2cccc(-c3c4ccccc4c4n3[B-](F)(F)[N+]3=C(c5ccccc5)c5ccccc5C3=C4)c2)Sc2ccccc21,0.4169126144575234,0
COc1ccc(C=Cc2ccc3c4n(c(-c5ccccc5)c3c2)[B-](F)(F)[N+]2=C(c3ccccc3)c3ccccc3C2=C4)c(OC)c1,0.4138278197262696,0
CN(C)c1ccc2c3n(c(-c4ccccc4)c2c1)[B-](F)(F)[N+]1=C(c2ccccc2)c2ccccc2C1=C3,0.4057853040715441,0
CN1C(=CC=Cc2ccc(C3=[N+]4C(=Cc5c6ccccc6c(-c6ccccc6)n5[B-]4(F)F)c4ccccc43)cc2)C=Cc2ccccc21,0.3877059562751332,0
CN1C(=CC=Cc2ccc(-c3c4ccccc4c4n3[B-](F)(F)[N+]3=C(c5ccccc5)c5ccccc5C3=C4)cc2)C=Cc2ccccc21,0.3877059562751332,0
CCN1C(=CC=Cc2ccc(C3=[N+]4C(=Cc5c6ccccc6c(-c6ccccc6)n5[B-]4(F)F)c4ccccc43)cc2)Sc2ccccc21,0.37443186832594416,0
CCN1C(=CC=Cc2ccc(-c3c4ccccc4c4n3[B-](F)(F)[N+]3=C(c5ccccc5)c5ccccc5C3=C4)cc2)Sc2ccccc21,0.37443186832594416,0
CN1C(=CC=Cc2ccc3c(c2)C2=Cc4c5ccccc5c(-c5ccccc5)n4[B-](F)(F)[N+]2=C3c2ccccc2)C(C)(C)c2ccccc21,0.3567838334939177,0
CN(C)c1ccc(C=Cc2cccc3c2C(c2ccccc2)=[N+]2C3=Cc3c4ccccc4c(-c4ccccc4)n3[B-]2(F)F)cc1,0.3445530738669467,0
CN(C)c1ccc(c2ccc3c4n(c(-c5ccccc5)c3c2)[B-](F)(F)[N+]2=C(c3ccccc3)c3ccccc3C2=C4)cc1,0.342201655971249,0
CCN1C(=CC=Cc2cccc3c(-c4ccccc4)n4c(c23)C=C2c3ccccc3C(c3ccccc3)=[N+]2[B-]4(F)F)Sc2ccccc21,0.33861469007079453,0
CN1C(=CC=Cc2cccc(-c3c4ccccc4c4n3[B-](F)(F)[N+]3=C(c5ccccc5)c5ccccc5C3=C4)c2)C(C)(C)c2ccccc21,0.3361423464572585,0
CCN1C(=CC=Cc2ccccc2-c2c3ccccc3c3n2[B-](F)(F)[N+]2=C(c4ccccc4)c4ccccc4C2=C3)Sc2ccccc21,0.33025200432797625,0
CN(C)c1ccc(-c2ccc(C3=C4c5ccccc5C(c5ccccc5)=[N+]4[B-](F)(F)n4c3c3ccccc3c4-c3ccccc3)s2)cc1,0.31572733636327377,0
CCN1C(=CC=Cc2ccccc2C2=[N+]3C(=Cc4c5ccccc5c(-c5ccccc5)n4[B-]3(F)F)c3ccccc32)Sc2ccccc21,0.3085947860192309,0
CN1C(=CC=Cc2ccc3c4n(c(-c5ccccc5)c3c2)[B-](F)(F)[N+]2=C(c3ccccc3)c3ccccc3C2=C4)C(C)(C)c2ccccc21,0.2999967468515376,0
CN(C)c1ccc(C=Cc2ccc3c(c2)C2=Cc4c5ccccc5c(-c5ccccc5)n4[B-](F)(F)[N+]2=C3c2ccccc2)cc1,0.2869447802006272,0
F[B-]1(F)n2c(c3cccc(C=Cc4c[nH]c5ccccc45)c3c2-c2ccccc2)C=C2c3ccccc3C(c3ccccc3)=[N+]21,0.2629863577876366,0
CN1C(=CC=Cc2ccc3c(c2)C(c2ccccc2)=[N+]2C3=Cc3c4ccccc4c(-c4ccccc4)n3[B-]2(F)F)C(C)(C)c2ccccc21,0.2614718525258909,0
CN(C)c1ccc(C2=C3c4ccccc4C(c4ccccc4)=[N+]3[B-](F)(F)n3c2c2ccccc2c3-c2ccccc2)cc1,0.25839537585766714,0
Nc1ccc(c2cccc3c4n(c(-c5ccccc5)c23)[B-](F)(F)[N+]2=C(c3ccccc3)c3ccccc3C2=C4)cc1,0.2554143264933032,0
C#Cc1ccc(c2cccc3c4n(c(-c5ccccc5)c23)[B-](F)(F)[N+]2=C(c3ccccc3)c3ccccc3C2=C4)cc1,0.2513696252235853,0
CN(C)c1ccc(c2cccc3c2C(c2ccccc2)=[N+]2C3=Cc3c4ccccc4c(-c4ccccc4)n3[B-]2(F)F)cc1,0.2507883558244268,0
COc1ccc(C=Cc2cccc3c4n(c(-c5ccccc5)c23)[B-](F)(F)[N+]2=C(c3ccccc3)c3ccccc3C2=C4)c(OC)c1,0.23989266271544898,0
F[B-]1(F)n2c(c3ccccc3c2-c2ccccc2)C=C2c3cccc(C=Cc4ccc(N5c6ccccc6CCc6ccccc65)cc4)c3C(c3ccccc3)=[N+]21,0.23205284905372683,0
CN(C)c1ccc(C=Cc2ccc3c(c2)C(c2ccccc2)=[N+]2C3=Cc3c4ccccc4c(-c4ccccc4)n3[B-]2(F)F)cc1,0.229591520111493,0
F[B-]1(F)n2c(c3ccc(C=Cc4c[nH]c5ccccc45)cc3c2-c2ccccc2)C=C2c3ccccc3C(c3ccccc3)=[N+]21,0.22908384566748366,0
CN1C(=CC=CC2=C3c4ccccc4C(c4ccccc4)=[N+]3[B-](F)(F)n3c2c2ccccc2c3-c2ccccc2)C=Cc2ccccc21,0.22163479946051062,0
Oc1cccc2c3n(c(-c4ccccc4)c12)[B-](F)(F)[N+]1=C(c2ccccc2)c2ccccc2C1=C3,0.21889561927509313,0
F[B-]1(F)n2c(c3ccccc3c2-c2ccccc2)C=C2c3cc(C=Cc4c[nH]c5ccccc45)ccc3C(c3ccccc3)=[N+]21,0.21744344916073108,0
CN1C(=CC=Cc2cccc(C3=[N+]4C(=Cc5c6ccccc6c(-c6ccccc6)n5[B-]4(F)F)c4ccccc43)c2)C=Cc2ccccc21,0.21741758159456567,0
CCN1C(=Cc2ccc3c4n(c(-c5ccccc5)c3c2)[B-](F)(F)[N+]2=C(c3ccccc3)c3ccccc3C2=C4)Sc2ccccc21,0.2149276575955361,0
CN(C)c1cccc(-c2c3ccccc3c3n2[B-](F)(F)[N+]2=C(c4ccccc4)c4ccccc4C2=C3)c1,0.21161672564145736,0
F[B-]1(F)n2c(c3ccccc3c2-c2ccccc2)C=C2c3cc(C=Cc4ccc(N5c6ccccc6CCc6ccccc65)cc4)ccc3C(c3ccccc3)=[N+]21,0.21045948235432568,0
CN1C(=CC=Cc2ccc(-c3c4ccccc4c4n3[B-](F)(F)[N+]3=C(c5ccccc5)c5ccccc5C3=C4)cc2)C(C)(C)c2ccccc21,0.20298635024935027,0
CN1C(=CC=Cc2ccc(C3=[N+]4C(=Cc5c6ccccc6c(-c6ccccc6)n5[B-]4(F)F)c4ccccc43)cc2)C(C)(C)c2ccccc21,0.20298635024935027,0
CN(C)c1ccc(-c2ccc(c3cccc(-c4c5ccccc5c5n4[B-](F)(F)[N+]4=C(c6ccccc6)c6ccccc6C4=C5)c3)s2)cc1,0.20165705826715855,0
CN(C)c1ccc(-c2ccc(c3cccc4c5n(c(-c6ccccc6)c34)[B-](F)(F)[N+]3=C(c4ccccc4)c4ccccc4C3=C5)s2)cc1,0.19827685994745092,0
COc1ccc(C=Cc2ccc3c(c2)C2=Cc4c5ccccc5c(-c5ccccc5)n4[B-](F)(F)[N+]2=C3c2ccccc2)c(OC)c1,0.19121536599848937,0
COc1ccc(c2cccc3c4n(c(-c5ccccc5)c23)[B-](F)(F)[N+]2=C(c3ccccc3)c3ccccc3C2=C4)cc1,0.184809703439647,0
CN(C)c1ccc(C=Cc2cccc(-c3c4ccccc4c4n3[B-](F)(F)[N+]3=C(c5ccccc5)c5ccccc5C3=C4)c2)cc1,0.1843774704222221,0
CCN1C(=CC=Cc2ccc3c(-c4ccccc4)n4c(c3c2)C=C2c3ccccc3C(c3ccccc3)=[N+]2[B-]4(F)F)Sc2ccccc21,0.17564156231888625,0
COc1ccc(C=Cc2cccc3c2C(c2ccccc2)=[N+]2C3=Cc3c4ccccc4c(-c4ccccc4)n3[B-]2(F)F)c(OC)c1,0.1705576577015006,0
F[B-]1(F)n2c(c3ccccc3c2-c2ccccc2)C=C2c3ccc(C=Cc4ccc(N5c6ccccc6CCc6ccccc65)cc4)cc3C(c3ccccc3)=[N+]21,0.16609641780394271,0
CN1C(=CC=Cc2ccc3c(-c4ccccc4)n4c(c3c2)C=C2c3ccccc3C(c3ccccc3)=[N+]2[B-]4(F)F)C=Cc2ccccc21,0.16497940484685442,0
F[B-]1(F)n2c(c3ccccc3c2-c2ccccc2)C=C2c3ccc(C=Cc4c[nH]c5ccccc45)cc3C(c3ccccc3)=[N+]21,0.16056484500585005,0
CN(C)c1ccc(C=Cc2cccc3c2C2=Cc4c5ccccc5c(-c5ccccc5)n4[B-](F)(F)[N+]2=C3c2ccccc2)cc1,0.15613714409257085,0
F[B-]1(F)n2c(c3ccccc3c2-c2ccccc2)C=C2c3cccc(C=Cc4c[nH]c5ccccc45)c3C(c3ccccc3)=[N+]21,0.15420140906772636,0
CN(C)c1ccc(c2cccc3c(-c4ccccc4)n4c(c23)C=C2c3ccccc3C(c3ccccc3)=[N+]2[B-]4(F)F)cc1,0.15271678377391942,0
CN1C(=CC=Cc2cccc3c(-c4ccccc4)n4c(c23)C=C2c3ccccc3C(c3ccccc3)=[N+]2[B-]4(F)F)C(C)(C)c2ccccc21,0.1505749359641466,0
Oc1cccc2c1C(c1ccccc1)=[N+]1C2=Cc2c3ccccc3c(-c3ccccc3)n2[B-]1(F)F,0.1481056562485774,0
CN1C(=CC=Cc2ccccc2-c2c3ccccc3c3n2[B-](F)(F)[N+]2=C(c4ccccc4)c4ccccc4C2=C3)C(C)(C)c2ccccc21,0.14689173525671398,0
COc1ccc(c2ccc3c4n(c(-c5ccccc5)c3c2)[B-](F)(F)[N+]2=C(c3ccccc3)c3ccccc3C2=C4)cc1,0.14513171247571724,0
Nc1ccc(c2ccc3c4n(c(-c5ccccc5)c3c2)[B-](F)(F)[N+]2=C(c3ccccc3)c3ccccc3C2=C4)cc1,0.14437353010671783,0
CN(C)c1ccc2c(-c3ccccc3)n3c(c2c1)C=C1c2ccccc2C(c2ccccc2)=[N+]1[B-]3(F)F,0.13891174688233224,0
CCN1C(=CC=Cc2cccc(C3=[N+]4C(=Cc5c6ccccc6c(-c6ccccc6)n5[B-]4(F)F)c4ccccc43)c2)Sc2ccccc21,0.13836364066174023,0
CN1C(=Cc2cccc3c4n(c(-c5ccccc5)c23)[B-](F)(F)[N+]2=C(c3ccccc3)c3ccccc3C2=C4)C=Cc2ccccc21,0.13731702373236976,0
C#Cc1ccc(c2ccc3c4n(c(-c5ccccc5)c3c2)[B-](F)(F)[N+]2=C(c3ccccc3)c3ccccc3C2=C4)cc1,0.1368614341354654,0
CN(C)c1ccc(-c2ccc(c3ccc4c(c3)C3=Cc5c6ccccc6c(-c6ccccc6)n5[B-](F)(F)[N+]3=C4c3ccccc3)s2)cc1,0.13445491985384508,0
F[B-]1(F)n2c(c3ccc(C=CCl)cc3c2-c2ccccc2)C=C2c3ccccc3C(c3ccccc3)=[N+]21,0.1306716513990941,0
Oc1ccc2c3n(c(-c4ccccc4)c2c1)[B-](F)(F)[N+]1=C(c2ccccc2)c2ccccc2C1=C3,0.12908365204574204,0
CN(C)c1ccc(c2cccc(-c3c4ccccc4c4n3[B-](F)(F)[N+]3=C(c5ccccc5)c5ccccc5C3=C4)c2)cc1,0.127546061321451,0
CN1C(=CC=Cc2ccccc2C2=[N+]3C(=Cc4c5ccccc5c(-c5ccccc5)n4[B-]3(F)F)c3ccccc32)C(C)(C)c2ccccc21,0.12711053232656036,0
F[B-]1(F)n2c(c3ccccc3c2-c2cccc(C=Cc3c[nH]c4ccccc34)c2)C=C2c3ccccc3C(c3ccccc3)=[N+]21,0.12319633396430207,0
CN(C)c1ccc(-c2ccc(c3cccc4c3C(c3ccccc3)=[N+]3C4=Cc4c5ccccc5c(-c5ccccc5)n4[B-]3(F)F)s2)cc1,0.12233611328941424,0
CN(C)c1ccc(c2cccc3c2C2=Cc4c5ccccc5c(-c5ccccc5)n4[B-](F)(F)[N+]2=C3c2ccccc2)cc1,0.11977342242055454,0
CN(C)c1ccc(-c2ccc(c3ccc4c(-c5ccccc5)n5c(c4c3)C=C3c4ccccc4C(c4ccccc4)=[N+]3[B-]5(F)F)s2)cc1,0.11898809442402462,0
CN(C)c1ccc(C=Cc2ccc3c(-c4ccccc4)n4c(c3c2)C=C2c3ccccc3C(c3ccccc3)=[N+]2[B-]4(F)F)cc1,0.11754358858997593,0
COc1ccc(C=Cc2ccc3c(c2)C(c2ccccc2)=[N+]2C3=Cc3c4ccccc4c(-c4ccccc4)n3[B-]2(F)F)c(OC)c1,0.11741971659574509,0
F[B-]1(F)n2c(c3ccccc3c2-c2cccc(C=Cc3ccc(N4c5ccccc5CCc5ccccc54)cc3)c2)C=C2c3ccccc3C(c3ccccc3)=[N+]21,0.11255621100432907,0
F[B-]1(F)n2c(c3ccccc3c2-c2ccc(C=Cc3ccc(N4c5ccccc5CCc5ccccc54)cc3)cc2)C=C2c3ccccc3C(c3ccccc3)=[N+]21,0.10974961533053416,0
F[B-]1(F)n2c(c3ccccc3c2-c2ccccc2)C=C2c3ccccc3C(c3ccc(C=Cc4ccc(N5c6ccccc6CCc6ccccc65)cc4)cc3)=[N+]21,0.10974961533053416,0
O=[N+]([O-])c1ccc(c2cccc3c4n(c(-c5ccccc5)c23)[B-](F)(F)[N+]2=C(c3ccccc3)c3ccccc3C2=C4)cc1,0.10878745074536497,0
F[B-]1(F)n2c(c3cccc(C=CCl)c3c2-c2ccccc2)C=C2c3ccccc3C(c3ccccc3)=[N+]21,0.10740495098034684,0
F[B-]1(F)n2c(-c3ccccc3)c3cccc(C=Cc4ccc(N5c6ccccc6CCc6ccccc65)cc4)c3c2C=C2c3ccccc3C(c3ccccc3)=[N+]21,0.10732469491799364,0
CCN1C(=Cc2ccc3c(c2)C2=Cc4c5ccccc5c(-c5ccccc5)n4[B-](F)(F)[N+]2=C3c2ccccc2)Sc2ccccc21,0.10644663254916763,0
CN(C)c1ccc(-c2ccc(c3ccc4c(c3)C(c3ccccc3)=[N+]3C4=Cc4c5ccccc5c(-c5ccccc5)n4[B-]3(F)F)s2)cc1,0.10547276937328315,0
C#Cc1ccc(c2cccc3c(-c4ccccc4)n4c(c23)C=C2c3ccccc3C(c3ccccc3)=[N+]2[B-]4(F)F)cc1,0.10427700198509997,0
CN(C)c1ccc(C=Cc2ccc(C3=[N+]4C(=Cc5c6ccccc6c(-c6ccccc6)n5[B-]4(F)F)c4ccccc43)cc2)cc1,0.10349599304540127,0
CN(C)c1ccc(C=Cc2ccc(-c3c4ccccc4c4n3[B-](F)(F)[N+]3=C(c5ccccc5)c5ccccc5C3=C4)cc2)cc1,0.10349599304540127,0
F[B-]1(F)n2c(c3cc(C=Cc4ccc(N5c6ccccc6CCc6ccccc65)cc4)ccc3c2-c2ccccc2)C=C2c3ccccc3C(c3ccccc3)=[N+]21,0.10253974905414298,0
F[B-]1(F)n2c(c3ccccc3c2-c2ccccc2)C=C2c3c(cccc3C=Cc3ccc(N4c5ccccc5CCc5ccccc54)cc3)C(c3ccccc3)=[N+]21,0.10177779749758899,0
CN1C(=Cc2cccc3c2C(c2ccccc2)=[N+]2C3=Cc3c4ccccc4c(-c4ccccc4)n3[B-]2(F)F)C=Cc2ccccc21,0.10041520085761599,0
CN(C)c1ccc(C=Cc2cccc3c(-c4ccccc4)n4c(c23)C=C2c3ccccc3C(c3ccccc3)=[N+]2[B-]4(F)F)cc1,0.09878624913560677,0
CCN1C(=Cc2cccc3c4n(c(-c5ccccc5)c23)[B-](F)(F)[N+]2=C(c3ccccc3)c3ccccc3C2=C4)Sc2ccccc21,0.09874443577283866,0
F[B-]1(F)n2c(c3ccc(Cl)cc3c2-c2ccccc2)C=C2c3ccccc3C(c3ccccc3)=[N+]21,0.09420292963630689,0
CN(C)c1ccc(C=Cc2ccccc2-c2c3ccccc3c3n2[B-](F)(F)[N+]2=C(c4ccccc4)c4ccccc4C2=C3)cc1,0.08993304389444073,0
COc1ccc(C=Cc2cccc(-c3c4ccccc4c4n3[B-](F)(F)[N+]3=C(c5ccccc5)c5ccccc5C3=C4)c2)c(OC)c1,0.0817361147309053,0
CN1C(=CC=Cc2ccc3c(-c4ccccc4)n4c(c3c2)C=C2c3ccccc3C(c3ccccc3)=[N+]2[B-]4(F)F)C(C)(C)c2ccccc21,0.08024665371001025,0
CN(C)c1ccc(c2ccc3c(c2)C2=Cc4c5ccccc5c(-c5ccccc5)n4[B-](F)(F)[N+]2=C3c2ccccc2)cc1,0.07997864665250784,0
CN1C(=Cc2ccc3c4n(c(-c5ccccc5)c3c2)[B-](F)(F)[N+]2=C(c3ccccc3)c3ccccc3C2=C4)C(C)(C)c2ccccc21,0.07808100174521972,0
CCN1C(=Cc2ccc3c(c2)C(c2ccccc2)=[N+]2C3=Cc3c4ccccc4c(-c4ccccc4)n3[B-]2(F)F)Sc2ccccc21,0.07668458305890002,0
F[B-]1(F)n2c(c3cc(C=Cc4c[nH]c5ccccc45)ccc3c2-c2ccccc2)C=C2c3ccccc3C(c3ccccc3)=[N+]21,0.0760581591574703,0
F[B-]1(F)n2c(c3ccccc3c2-c2ccccc2)C=C2c3cc(C=CCl)ccc3C(c3ccccc3)=[N+]21,0.07471027183844287,0
CN(C)c1ccc(c2ccc3c(-c4ccccc4)n4c(c3c2)C=C2c3ccccc3C(c3ccccc3)=[N+]2[B-]4(F)F)cc1,0.07465124580561175,0
CCN1C(=CC=CC2=C3c4ccccc4C(c4ccccc4)=[N+]3[B-](F)(F)n3c2c2ccccc2c3-c2ccccc2)Sc2ccccc21,0.07240355263356546,0
CN1C(=Cc2ccc3c4n(c(-c5ccccc5)c3c2)[B-](F)(F)[N+]2=C(c3ccccc3)c3ccccc3C2=C4)C=Cc2ccccc21,0.07227123789780927,0
CN1C(=CC=Cc2cccc(C3=[N+]4C(=Cc5c6ccccc6c(-c6ccccc6)n5[B-]4(F)F)c4ccccc43)c2)C(C)(C)c2ccccc21,0.07194251194618274,0
Nc1ccc(c2cccc3c(-c4ccccc4)n4c(c23)C=C2c3ccccc3C(c3ccccc3)=[N+]2[B-]4(F)F)cc1,0.0699374633422418,0
F[B-]1(F)n2c(c3ccccc3c2-c2ccccc2C=Cc2ccc(N3c4ccccc4CCc4ccccc43)cc2)C=C2c3ccccc3C(c3ccccc3)=[N+]21,0.06975478259363993,0
CN1C(=Cc2ccc3c(c2)C2=Cc4c5ccccc5c(-c5ccccc5)n4[B-](F)(F)[N+]2=C3c2ccccc2)C=Cc2ccccc21,0.0670371633593578,0
COc1ccc(C=Cc2cccc3c2C2=Cc4c5ccccc5c(-c5ccccc5)n4[B-](F)(F)[N+]2=C3c2ccccc2)c(OC)c1,0.0667411996314803,0
CN(C)c1ccc(C=Cc2ccccc2C2=[N+]3C(=Cc4c5ccccc5c(-c5ccccc5)n4[B-]3(F)F)c3ccccc32)cc1,0.0660110675657647,0
F[B-]1(F)n2c(c3ccccc3c2-c2ccccc2)C=C2c3ccccc3C(c3ccccc3C=Cc3ccc(N4c5ccccc5CCc5ccccc54)cc3)=[N+]21,0.06584576561117501,0
C#Cc1ccc(c2cccc(-c3c4ccccc4c4n3[B-](F)(F)[N+]3=C(c5ccccc5)c5ccccc5C3=C4)c2)cc1,0.06519497355554224,0
F[B-]1(F)n2c(c3cccc(Cl)c3c2-c2ccccc2)C=C2c3ccccc3C(c3ccccc3)=[N+]21,0.06436614425499251,0
Nc1ccc(c2cccc3c2C(c2ccccc2)=[N+]2C3=Cc3c4ccccc4c(-c4ccccc4)n3[B-]2(F)F)cc1,0.06378203925887362,0
CN(C)c1ccc(c2ccc3c(c2)C(c2ccccc2)=[N+]2C3=Cc3c4ccccc4c(-c4ccccc4)n3[B-]2(F)F)cc1,0.06349290684878817,0
F[B-]1(F)n2c(c3ccccc3c2-c2ccccc2)C=C2c3ccccc3C(c3ccc(C=Cc4c[nH]c5ccccc45)cc3)=[N+]21,0.06192147238249038,0
F[B-]1(F)n2c(c3ccccc3c2-c2ccc(C=Cc3c[nH]c4ccccc34)cc2)C=C2c3ccccc3C(c3ccccc3)=[N+]21,0.06192147238249038,0
COc1ccc(c2cccc3c2C(c2ccccc2)=[N+]2C3=Cc3c4ccccc4c(-c4ccccc4)n3[B-]2(F)F)cc1,0.06148958371370783,0
F[B-]1(F)n2c(c3ccccc3c2-c2ccccc2)C=C2c3c(cccc3C=Cc3c[nH]c4ccccc34)C(c3ccccc3)=[N+]21,0.05891014204657131,0
F[B-]1(F)n2c(c3ccccc3c2-c2ccccc2)C=C2c3ccc(C=CCl)cc3C(c3ccccc3)=[N+]21,0.058459457620349584,0
CN(C)c1cccc2c3n(c(-c4ccccc4)c12)[B-](F)(F)[N+]1=C(c2ccccc2)c2ccccc2C1=C3,0.05821807262840208,0
C#Cc1ccc(c2cccc3c2C(c2ccccc2)=[N+]2C3=Cc3c4ccccc4c(-c4ccccc4)n3[B-]2(F)F)cc1,0.05782694603624138,0
Nc1ccc(c2cccc(-c3c4ccccc4c4n3[B-](F)(F)[N+]3=C(c5ccccc5)c5ccccc5C3=C4)c2)cc1,0.05756251237077383,0
O=[N+]([O-])c1ccc(c2ccc3c4n(c(-c5ccccc5)c3c2)[B-](F)(F)[N+]2=C(c3ccccc3)c3ccccc3C2=C4)cc1,0.05739502527670578,0
CN(C)c1ccc(-c2ccc(c3ccc(C4=[N+]5C(=Cc6c7ccccc7c(-c7ccccc7)n6[B-]5(F)F)c5ccccc54)cc3)s2)cc1,0.05705108140683829,0
CN(C)c1ccc(-c2ccc(c3ccc(-c4c5ccccc5c5n4[B-](F)(F)[N+]4=C(c6ccccc6)c6ccccc6C4=C5)cc3)s2)cc1,0.05705108140683829,0
COc1ccc(C=Cc2ccc(C3=[N+]4C(=Cc5c6ccccc6c(-c6ccccc6)n5[B-]4(F)F)c4ccccc43)cc2)c(OC)c1,0.05625210639753717,0
COc1ccc(C=Cc2ccc(-c3c4ccccc4c4n3[B-](F)(F)[N+]3=C(c5ccccc5)c5ccccc5C3=C4)cc2)c(OC)c1,0.05625210639753717,0
CCN1C(=Cc2cccc(-c3c4ccccc4c4n3[B-](F)(F)[N+]3=C(c5ccccc5)c5ccccc5C3=C4)c2)Sc2ccccc21,0.05618285979539375,0
CN(C)c1ccc(C2=[N+]3C(=Cc4c5ccccc5c(-c5ccccc5)n4[B-]3(F)F)c3ccccc32)cc1,0.056132622134490585,0
CN(C)c1ccc(c2ccc(-c3c4ccccc4c4n3[B-](F)(F)[N+]3=C(c5ccccc5)c5ccccc5C3=C4)cc2)cc1,0.056132622134490585,0
CN(C)c1ccc(-c2c3ccccc3c3n2[B-](F)(F)[N+]2=C(c4ccccc4)c4ccccc4C2=C3)cc1,0.056132622134490585,0
CN(C)c1ccc(c2ccc(C3=[N+]4C(=Cc5c6ccccc6c(-c6ccccc6)n5[B-]4(F)F)c4ccccc43)cc2)cc1,0.056132622134490585,0
COc1ccc(c2ccc3c(c2)C2=Cc4c5ccccc5c(-c5ccccc5)n4[B-](F)(F)[N+]2=C3c2ccccc2)cc1,0.055271955188136275,0
CN(C)c1ccc(-c2ccc(c3cccc4c3C3=Cc5c6ccccc6c(-c6ccccc6)n5[B-](F)(F)[N+]3=C4c3ccccc3)s2)cc1,0.05412958504536608,0
COc1ccc(c2cccc3c(-c4ccccc4)n4c(c23)C=C2c3ccccc3C(c3ccccc3)=[N+]2[B-]4(F)F)cc1,0.05402183210270482,0
Oc1ccc2c(c1)C1=Cc3c4ccccc4c(-c4ccccc4)n3[B-](F)(F)[N+]1=C2c1ccccc1,0.05328230437773452,0
F[B-]1(F)n2c(-c3ccccc3)c3cccc(C=Cc4c[nH]c5ccccc45)c3c2C=C2c3ccccc3C(c3ccccc3)=[N+]21,0.05261500454755553,0
COc1ccc(c2cccc(-c3c4ccccc4c4n3[B-](F)(F)[N+]3=C(c5ccccc5)c5ccccc5C3=C4)c2)cc1,0.05155847435301348,0
COc1ccc(C2=C3c4ccccc4C(c4ccccc4)=[N+]3[B-](F)(F)n3c2c2ccccc2c3-c2ccccc2)cc1,0.05005619407263668,0
CN(C)c1ccc(c2ccccc2-c2c3ccccc3c3n2[B-](F)(F)[N+]2=C(c4ccccc4)c4ccccc4C2=C3)cc1,0.048402923885290425,0
Oc1ccc2c(c1)C(c1ccccc1)=[N+]1C2=Cc2c3ccccc3c(-c3ccccc3)n2[B-]1(F)F,0.04792784503039294,0
COc1ccc(C=Cc2cccc3c(-c4ccccc4)n4c(c23)C=C2c3ccccc3C(c3ccccc3)=[N+]2[B-]4(F)F)c(OC)c1,0.04739230391985859,0
C#Cc1ccc(c2ccc3c(c2)C2=Cc4c5ccccc5c(-c5ccccc5)n4[B-](F)(F)[N+]2=C3c2ccccc2)cc1,0.047095560664182926,0
Nc1ccc(c2ccc3c(c2)C2=Cc4c5ccccc5c(-c5ccccc5)n4[B-](F)(F)[N+]2=C3c2ccccc2)cc1,0.04646308015730138,0
F[B-]1(F)n2c(c3ccccc3c2-c2ccccc2)C(C=Cc2ccc(N3c4ccccc4CCc4ccccc43)cc2)=C2c3ccccc3C(c3ccccc3)=[N+]21,0.046405322256245995,0
F[B-]1(F)n2c(c3ccccc3c2-c2ccccc2)C=C2c3cc(Cl)ccc3C(c3ccccc3)=[N+]21,0.046197313992409526,0
CN(C)c1ccc(-c2ccc(c3cccc4c(-c5ccccc5)n5c(c34)C=C3c4ccccc4C(c4ccccc4)=[N+]3[B-]5(F)F)s2)cc1,0.04607830982620205,0
CN(C)c1ccc(c2ccccc2C2=[N+]3C(=Cc4c5ccccc5c(-c5ccccc5)n4[B-]3(F)F)c3ccccc32)cc1,0.04421613737922622,0
CN1C(=Cc2cccc3c2C2=Cc4c5ccccc5c(-c5ccccc5)n4[B-](F)(F)[N+]2=C3c2ccccc2)C=Cc2ccccc21,0.043857674899422744,0
F[B-]1(F)n2c(c3ccccc3c2-c2ccccc2)C=C2c3cccc(C=CCl)c3C(c3ccccc3)=[N+]21,0.043657035336653396,0
Nc1ccc(C2=C3c4ccccc4C(c4ccccc4)=[N+]3[B-](F)(F)n3c2c2ccccc2c3-c2ccccc2)cc1,0.04365569164793741,0
COc1ccc(C=Cc2ccc3c(-c4ccccc4)n4c(c3c2)C=C2c3ccccc3C(c3ccccc3)=[N+]2[B-]4(F)F)c(OC)c1,0.04298680501100527,0
CN1C(=Cc2ccc3c(c2)C(c2ccccc2)=[N+]2C3=Cc3c4ccccc4c(-c4ccccc4)n3[B-]2(F)F)C=Cc2ccccc21,0.04236700305271328,0
CN1C(=CC=CC2=C3c4ccccc4C(c4ccccc4)=[N+]3[B-](F)(F)n3c2c2ccccc2c3-c2ccccc2)C(C)(C)c2ccccc21,0.04236358758837082,0
CN(C)C=Cc1cccc2c3n(c(-c4ccccc4)c12)[B-](F)(F)[N+]1=C(c2ccccc2)c2ccccc2C1=C3,0.04220960119102293,0
CN1C(=Cc2ccc3c(c2)C2=Cc4c5ccccc5c(-c5ccccc5)n4[B-](F)(F)[N+]2=C3c2ccccc2)C(C)(C)c2ccccc21,0.04195024639605679,0
F[B-]1(F)n2c(c3ccccc3c2-c2cccc(C=CCl)c2)C=C2c3ccccc3C(c3ccccc3)=[N+]21,0.04160547017171942,0
COc1ccc(C=Cc2ccccc2-c2c3ccccc3c3n2[B-](F)(F)[N+]2=C(c4ccccc4)c4ccccc4C2=C3)c(OC)c1,0.0414452882386371,0
CN1C(=Cc2cccc(-c3c4ccccc4c4n3[B-](F)(F)[N+]3=C(c5ccccc5)c5ccccc5C3=C4)c2)C=Cc2ccccc21,0.04093219589764488,0
CN(C)c1ccc(C=CC2=C3c4ccccc4C(c4ccccc4)=[N+]3[B-](F)(F)n3c2c2ccccc2c3-c2ccccc2)cc1,0.039372868653487755,0
CCN1C(=Cc2cccc3c2C(c2ccccc2)=[N+]2C3=Cc3c4ccccc4c(-c4ccccc4)n3[B-]2(F)F)Sc2ccccc21,0.03920572538475821,0
F[B-]1(F)n2c(c3ccccc3c2-c2ccccc2C=Cc2c[nH]c3ccccc23)C=C2c3ccccc3C(c3ccccc3)=[N+]21,0.038149684633880854,0
F[B-]1(F)n2c(c3ccccc3c2-c2cccc(Cl)c2)C=C2c3ccccc3C(c3ccccc3)=[N+]21,0.037907679379098835,0
Oc1cccc2c(-c3ccccc3)n3c(c12)C=C1c2ccccc2C(c2ccccc2)=[N+]1[B-]3(F)F,0.03743642953582204,0
C#Cc1ccc(c2ccc3c(c2)C(c2ccccc2)=[N+]2C3=Cc3c4ccccc4c(-c4ccccc4)n3[B-]2(F)F)cc1,0.03737203171671827,0
F[B-]1(F)n2c(c3ccccc3c2-c2ccccc2)C=C2c3ccccc3C(c3cccc(C=Cc4ccc(N5c6ccccc6CCc6ccccc65)cc4)c3)=[N+]21,0.03662294829537571,0
COc1ccc(c2cccc3c2C2=Cc4c5ccccc5c(-c5ccccc5)n4[B-](F)(F)[N+]2=C3c2ccccc2)cc1,0.034932140781781085,0
O=[N+]([O-])c1ccc(c2cccc3c(-c4ccccc4)n4c(c23)C=C2c3ccccc3C(c3ccccc3)=[N+]2[B-]4(F)F)cc1,0.03448550655579976,0
C#Cc1ccc(c2cccc3c2C2=Cc4c5ccccc5c(-c5ccccc5)n4[B-](F)(F)[N+]2=C3c2ccccc2)cc1,0.03435855486298811,0
CN(C)c1cccc(C2=[N+]3C(=Cc4c5ccccc5c(-c5ccccc5)n4[B-]3(F)F)c3ccccc32)c1,0.03389998849401806,0
COc1ccc(c2ccc3c(c2)C(c2ccccc2)=[N+]2C3=Cc3c4ccccc4c(-c4ccccc4)n3[B-]2(F)F)cc1,0.03332849045926616,0
Nc1ccc(c2cccc3c2C2=Cc4c5ccccc5c(-c5ccccc5)n4[B-](F)(F)[N+]2=C3c2ccccc2)cc1,0.03320438777552837,0
F[B-]1(F)n2c(-c3ccccc3)c3cccc(Cl)c3c2C=C2c3ccccc3C(c3ccccc3)=[N+]21,0.032323104857821236,0
C#Cc1ccc(C2=C3c4ccccc4C(c4ccccc4)=[N+]3[B-](F)(F)n3c2c2ccccc2c3-c2ccccc2)cc1,0.03230334204480592,0
O=[N+]([O-])c1ccc(c2cccc(-c3c4ccccc4c4n3[B-](F)(F)[N+]3=C(c5ccccc5)c5ccccc5C3=C4)c2)cc1,0.03163371261697444,0
CN(C)c1ccc(-c2ccc(c3cccc(C4=[N+]5C(=Cc6c7ccccc7c(-c7ccccc7)n6[B-]5(F)F)c5ccccc54)c3)s2)cc1,0.031400828818940754,0
COc1ccc(C=Cc2ccccc2C2=[N+]3C(=Cc4c5ccccc5c(-c5ccccc5)n4[B-]3(F)F)c3ccccc32)c(OC)c1,0.03131684526355963,0
Oc1cccc(-c2c3ccccc3c3n2[B-](F)(F)[N+]2=C(c4ccccc4)c4ccccc4C2=C3)c1,0.03126286715783498,0
C#Cc1ccc(c2ccc3c(-c4ccccc4)n4c(c3c2)C=C2c3ccccc3C(c3ccccc3)=[N+]2[B-]4(F)F)cc1,0.03099253068410002,0
Nc1ccc(c2ccc3c(-c4ccccc4)n4c(c3c2)C=C2c3ccccc3C(c3ccccc3)=[N+]2[B-]4(F)F)cc1,0.030846318085590452,0
F[B-]1(F)n2c(c3ccccc3c2-c2ccccc2)C=C2c3ccccc3C(c3ccccc3C=Cc3c[nH]c4ccccc34)=[N+]21,0.03063238025387781,0
CN1C(=Cc2cccc(-c3c4ccccc4c4n3[B-](F)(F)[N+]3=C(c5ccccc5)c5ccccc5C3=C4)c2)C(C)(C)c2ccccc21,0.030604420824685747,0
F[B-]1(F)n2c(c3ccccc3c2-c2ccccc2)C=C2c3ccc(Cl)cc3C(c3ccccc3)=[N+]21,0.030023914551658433,0
CCN1C(=Cc2ccc(-c3c4ccccc4c4n3[B-](F)(F)[N+]3=C(c5ccccc5)c5ccccc5C3=C4)cc2)Sc2ccccc21,0.029881604911266714,0
CCN1C(=Cc2ccc(C3=[N+]4C(=Cc5c6ccccc6c(-c6ccccc6)n5[B-]4(F)F)c4ccccc43)cc2)Sc2ccccc21,0.029881604911266714,0
Nc1ccc(c2ccc3c(c2)C(c2ccccc2)=[N+]2C3=Cc3c4ccccc4c(-c4ccccc4)n3[B-]2(F)F)cc1,0.02952335168165451,0
COc1ccc(c2ccc3c(-c4ccccc4)n4c(c3c2)C=C2c3ccccc3C(c3ccccc3)=[N+]2[B-]4(F)F)cc1,0.02910489584663328,0
CCN1C(=Cc2ccc3c(-c4ccccc4)n4c(c3c2)C=C2c3ccccc3C(c3ccccc3)=[N+]2[B-]4(F)F)Sc2ccccc21,0.02896575830743757,0
CN(C)C=Cc1ccc2c3n(c(-c4ccccc4)c2c1)[B-](F)(F)[N+]1=C(c2ccccc2)c2ccccc2C1=C3,0.028669318980873177,0
CN(C)c1ccc(-c2ccc(c3ccccc3-c3c4ccccc4c4n3[B-](F)(F)[N+]3=C(c5ccccc5)c5ccccc5C3=C4)s2)cc1,0.02856944119315454,0
CN(C)c1ccc(C=Cc2cccc(C3=[N+]4C(=Cc5c6ccccc6c(-c6ccccc6)n5[B-]4(F)F)c4ccccc43)c2)cc1,0.028438368549552877,0
COc1ccc(C=CC2=C3c4ccccc4C(c4ccccc4)=[N+]3[B-](F)(F)n3c2c2ccccc2c3-c2ccccc2)c(OC)c1,0.028329662061665244,0
CN1C(=Cc2ccc3c(c2)C(c2ccccc2)=[N+]2C3=Cc3c4ccccc4c(-c4ccccc4)n3[B-]2(F)F)C(C)(C)c2ccccc21,0.028323118941489006,0
O=[N+]([O-])c1ccc(c2cccc3c2C(c2ccccc2)=[N+]2C3=Cc3c4ccccc4c(-c4ccccc4)n3[B-]2(F)F)cc1,0.02788711390123233,0
CN(C)c1ccc(-c2ccc(c3ccccc3C3=[N+]4C(=Cc5c6ccccc6c(-c6ccccc6)n5[B-]4(F)F)c4ccccc43)s2)cc1,0.02779222918625776,0
F[B-]1(F)n2c(c3cc(C=CCl)ccc3c2-c2ccccc2)C=C2c3ccccc3C(c3ccccc3)=[N+]21,0.026397693216966236,0
Oc1ccc2c(-c3ccccc3)n3c(c2c1)C=C1c2ccccc2C(c2ccccc2)=[N+]1[B-]3(F)F,0.02629141364850401,0
CN(C)c1cccc2c1C(c1ccccc1)=[N+]1C2=Cc2c3ccccc3c(-c3ccccc3)n2[B-]1(F)F,0.026256527395329302,0
F[B-]1(F)n2c(c3ccccc3c2-c2ccccc2)C=C2c3cccc(Cl)c3C(c3ccccc3)=[N+]21,0.02520017016781255,0
CN(C)C=Cc1ccc2c(c1)C1=Cc3c4ccccc4c(-c4ccccc4)n3[B-](F)(F)[N+]1=C2c1ccccc1,0.024049227823861003,0
F[B-]1(F)n2c(c3ccccc3c2-c2ccccc2)C=C2c3ccccc3C(c3ccc(C=CCl)cc3)=[N+]21,0.02384241588479796,0
F[B-]1(F)n2c(c3ccccc3c2-c2ccc(C=CCl)cc2)C=C2c3ccccc3C(c3ccccc3)=[N+]21,0.02384241588479796,0
O=[N+]([O-])c1ccc(c2ccc3c(c2)C2=Cc4c5ccccc5c(-c5ccccc5)n4[B-](F)(F)[N+]2=C3c2ccccc2)cc1,0.023702911855069415,0
F[B-]1(F)n2c(c3cc(Cl)ccc3c2-c2ccccc2)C=C2c3ccccc3C(c3ccccc3)=[N+]21,0.02323121535247271,0
CN1C(=Cc2cccc3c(-c4ccccc4)n4c(c23)C=C2c3ccccc3C(c3ccccc3)=[N+]2[B-]4(F)F)C=Cc2ccccc21,0.023078780803650507,0
Nc1ccc(c2ccc(C3=[N+]4C(=Cc5c6ccccc6c(-c6ccccc6)n5[B-]4(F)F)c4ccccc43)cc2)cc1,0.022125883599079875,0
Nc1ccc(c2ccc(-c3c4ccccc4c4n3[B-](F)(F)[N+]3=C(c5ccccc5)c5ccccc5C3=C4)cc2)cc1,0.022125883599079875,0
F[B-]1(F)n2c(c3ccccc3c2-c2ccccc2)C=C2c3c(cccc3C=CCl)C(c3ccccc3)=[N+]21,0.021991839234856193,0
CN1C(=Cc2ccccc2-c2c3ccccc3c3n2[B-](F)(F)[N+]2=C(c4ccccc4)c4ccccc4C2=C3)C=Cc2ccccc21,0.02164755971875686,0
CN(C)c1ccc(c2cccc(C3=[N+]4C(=Cc5c6ccccc6c(-c6ccccc6)n5[B-]4(F)F)c4ccccc43)c2)cc1,0.021285774008574187,0
C#Cc1ccc(c2ccc(-c3c4ccccc4c4n3[B-](F)(F)[N+]3=C(c5ccccc5)c5ccccc5C3=C4)cc2)cc1,0.020797624426237518,0
C#Cc1ccc(c2ccc(C3=[N+]4C(=Cc5c6ccccc6c(-c6ccccc6)n5[B-]4(F)F)c4ccccc43)cc2)cc1,0.020797624426237518,0
CCN1C(=Cc2cccc3c2C2=Cc4c5ccccc5c(-c5ccccc5)n4[B-](F)(F)[N+]2=C3c2ccccc2)Sc2ccccc21,0.020483226995986356,0
CCN1C(=Cc2cccc3c(-c4ccccc4)n4c(c23)C=C2c3ccccc3C(c3ccccc3)=[N+]2[B-]4(F)F)Sc2ccccc21,0.020132614922515592,0
Nc1ccc(c2ccccc2C2=[N+]3C(=Cc4c5ccccc5c(-c5ccccc5)n4[B-]3(F)F)c3ccccc32)cc1,0.020054195180739934,0
CN1C(=Cc2cccc3c4n(c(-c5ccccc5)c23)[B-](F)(F)[N+]2=C(c3ccccc3)c3ccccc3C2=C4)C(C)(C)c2ccccc21,0.01985762942013251,0
Nc1ccc(c2ccccc2-c2c3ccccc3c3n2[B-](F)(F)[N+]2=C(c4ccccc4)c4ccccc4C2=C3)cc1,0.019815538268523832,0
F[B-]1(F)n2c(c3ccccc3c2-c2ccccc2)C(C=Cc2c[nH]c3ccccc23)=C2c3ccccc3C(c3ccccc3)=[N+]21,0.01955596606626686,0
O=[N+]([O-])c1ccc(C2=C3c4ccccc4C(c4ccccc4)=[N+]3[B-](F)(F)n3c2c2ccccc2c3-c2ccccc2)cc1,0.019468617078937326,0
F[B-]1(F)n2c(-c3ccccc3)c3cccc(C=CCl)c3c2C=C2c3ccccc3C(c3ccccc3)=[N+]21,0.019121879019042384,0
COc1ccc(c2ccc(C3=[N+]4C(=Cc5c6ccccc6c(-c6ccccc6)n5[B-]4(F)F)c4ccccc43)cc2)cc1,0.019048043185540733,0
COc1ccc(c2ccc(-c3c4ccccc4c4n3[B-](F)(F)[N+]3=C(c5ccccc5)c5ccccc5C3=C4)cc2)cc1,0.019048043185540733,0
F[B-]1(F)n2c(c3ccccc3c2-c2ccccc2Cl)C=C2c3ccccc3C(c3ccccc3)=[N+]21,0.0190241748263351,0
C#Cc1ccc(c2ccccc2-c2c3ccccc3c3n2[B-](F)(F)[N+]2=C(c4ccccc4)c4ccccc4C2=C3)cc1,0.018973875636641584,0
O=[N+]([O-])c1ccc(c2ccc3c(c2)C(c2ccccc2)=[N+]2C3=Cc3c4ccccc4c(-c4ccccc4)n3[B-]2(F)F)cc1,0.018935223146058677,0
CN(C)C=Cc1cccc2c1C(c1ccccc1)=[N+]1C2=Cc2c3ccccc3c(-c3ccccc3)n2[B-]1(F)F,0.01884090946428709,0
CN1C(=Cc2ccc3c(-c4ccccc4)n4c(c3c2)C=C2c3ccccc3C(c3ccccc3)=[N+]2[B-]4(F)F)C=Cc2ccccc21,0.018710608121001112,0
C#Cc1ccc(c2ccccc2C2=[N+]3C(=Cc4c5ccccc5c(-c5ccccc5)n4[B-]3(F)F)c3ccccc32)cc1,0.01869669242012727,0
F[B-]1(F)n2c(c3ccccc3c2-c2ccccc2)C=C2c3ccccc3C(c3ccccc3Cl)=[N+]21,0.018639717639378304,0
COc1ccc(C=Cc2cccc(C3=[N+]4C(=Cc5c6ccccc6c(-c6ccccc6)n5[B-]4(F)F)c4ccccc43)c2)c(OC)c1,0.018349044017893914,0
F[B-]1(F)n2c(c3ccccc3c2-c2ccccc2)C=C2c3ccccc3C(c3cccc(C=Cc4c[nH]c5ccccc45)c3)=[N+]21,0.017775527127339742,0
CN1C(=Cc2ccccc2C2=[N+]3C(=Cc4c5ccccc5c(-c5ccccc5)n4[B-]3(F)F)c3ccccc32)C=Cc2ccccc21,0.01768787470082698,0
COc1ccc(c2ccccc2-c2c3ccccc3c3n2[B-](F)(F)[N+]2=C(c4ccccc4)c4ccccc4C2=C3)cc1,0.01766630792056381,0
O=[N+]([O-])c1ccc(c2cccc3c2C2=Cc4c5ccccc5c(-c5ccccc5)n4[B-](F)(F)[N+]2=C3c2ccccc2)cc1,0.017619552287830156,0
CN1C(=Cc2ccc3c(-c4ccccc4)n4c(c3c2)C=C2c3ccccc3C(c3ccccc3)=[N+]2[B-]4(F)F)C(C)(C)c2ccccc21,0.017592912294953737,0
CN(C)c1cccc2c1C1=Cc3c4ccccc4c(-c4ccccc4)n3[B-](F)(F)[N+]1=C2c1ccccc1,0.017293771346812738,0
Oc1ccc(C2=[N+]3C(=Cc4c5ccccc5c(-c5ccccc5)n4[B-]3(F)F)c3ccccc32)cc1,0.017292824112284704,0
Oc1ccc(-c2c3ccccc3c3n2[B-](F)(F)[N+]2=C(c4ccccc4)c4ccccc4C2=C3)cc1,0.017292824112284704,0
CN1C(=Cc2ccc(-c3c4ccccc4c4n3[B-](F)(F)[N+]3=C(c5ccccc5)c5ccccc5C3=C4)cc2)C=Cc2ccccc21,0.016909643127773006,0
CN1C(=Cc2ccc(C3=[N+]4C(=Cc5c6ccccc6c(-c6ccccc6)n5[B-]4(F)F)c4ccccc43)cc2)C=Cc2ccccc21,0.016909643127773006,0
COc1ccc(c2ccccc2C2=[N+]3C(=Cc4c5ccccc5c(-c5ccccc5)n4[B-]3(F)F)c3ccccc32)cc1,0.016650163956366006,0
O=[N+]([O-])c1ccc(c2ccc3c(-c4ccccc4)n4c(c3c2)C=C2c3ccccc3C(c3ccccc3)=[N+]2[B-]4(F)F)cc1,0.016509453453429707,0
Oc1cccc2c1C1=Cc3c4ccccc4c(-c4ccccc4)n3[B-](F)(F)[N+]1=C2c1ccccc1,0.01622102595938377,0
F[B-]1(F)n2c(c3ccccc3c2-c2ccccc2C=CCl)C=C2c3ccccc3C(c3ccccc3)=[N+]21,0.015952228750623382,0
Oc1ccccc1-c1c2ccccc2c2n1[B-](F)(F)[N+]1=C(c3ccccc3)c3ccccc3C1=C2,0.01570809985317453,0
CN(C)C=Cc1ccc2c(c1)C(c1ccccc1)=[N+]1C2=Cc2c3ccccc3c(-c3ccccc3)n2[B-]1(F)F,0.015615951074197571,0
Oc1ccccc1C1=[N+]2C(=Cc3c4ccccc4c(-c4ccccc4)n3[B-]2(F)F)c2ccccc21,0.015501125804284928,0
CN(C)C=Cc1cccc(-c2c3ccccc3c3n2[B-](F)(F)[N+]2=C(c4ccccc4)c4ccccc4C2=C3)c1,0.014838509611308875,0
CCN1C(=Cc2ccccc2-c2c3ccccc3c3n2[B-](F)(F)[N+]2=C(c4ccccc4)c4ccccc4C2=C3)Sc2ccccc21,0.01469133549466972,0
CN1C(=CC2=C3c4ccccc4C(c4ccccc4)=[N+]3[B-](F)(F)n3c2c2ccccc2c3-c2ccccc2)C=Cc2ccccc21,0.014650274274719871,0
C#Cc1ccc(c2cccc(C3=[N+]4C(=Cc5c6ccccc6c(-c6ccccc6)n5[B-]4(F)F)c4ccccc43)c2)cc1,0.0142363276222811,0
F[B-]1(F)n2c(c3ccccc3c2-c2ccccc2)C=C2c3ccccc3C(c3ccccc3C=CCl)=[N+]21,0.014208312766334137,0
CN(C)c1ccccc1C1=[N+]2C(=Cc3c4ccccc4c(-c4ccccc4)n3[B-]2(F)F)c2ccccc21,0.013582332880682607,0
O=[N+]([O-])c1ccc(c2ccc(-c3c4ccccc4c4n3[B-](F)(F)[N+]3=C(c5ccccc5)c5ccccc5C3=C4)cc2)cc1,0.013460627631580969,0
O=[N+]([O-])c1ccc(c2ccc(C3=[N+]4C(=Cc5c6ccccc6c(-c6ccccc6)n5[B-]4(F)F)c4ccccc43)cc2)cc1,0.013460627631580969,0
CN(C)c1cccc2c(-c3ccccc3)n3c(c12)C=C1c2ccccc2C(c2ccccc2)=[N+]1[B-]3(F)F,0.01323921975604195,0
COc1ccc(c2cccc(C3=[N+]4C(=Cc5c6ccccc6c(-c6ccccc6)n5[B-]4(F)F)c4ccccc43)c2)cc1,0.013237992543304137,0
CN1C(=Cc2ccc(C3=[N+]4C(=Cc5c6ccccc6c(-c6ccccc6)n5[B-]4(F)F)c4ccccc43)cc2)C(C)(C)c2ccccc21,0.013189285077509596,0
CN1C(=Cc2ccc(-c3c4ccccc4c4n3[B-](F)(F)[N+]3=C(c5ccccc5)c5ccccc5C3=C4)cc2)C(C)(C)c2ccccc21,0.013189285077509596,0
CCN1C(=Cc2cccc(C3=[N+]4C(=Cc5c6ccccc6c(-c6ccccc6)n5[B-]4(F)F)c4ccccc43)c2)Sc2ccccc21,0.01315727210413606,0
CN(C)c1ccccc1-c1c2ccccc2c2n1[B-](F)(F)[N+]1=C(c3ccccc3)c3ccccc3C1=C2,0.013008596911710668,0
CCN1C(=CC2=C3c4ccccc4C(c4ccccc4)=[N+]3[B-](F)(F)n3c2c2ccccc2c3-c2ccccc2)Sc2ccccc21,0.01286584573279956,0
O=[N+]([O-])c1ccc(c2ccccc2-c2c3ccccc3c3n2[B-](F)(F)[N+]2=C(c4ccccc4)c4ccccc4C2=C3)cc1,0.012708572048286912,0
CCN1C(=Cc2ccccc2C2=[N+]3C(=Cc4c5ccccc5c(-c5ccccc5)n4[B-]3(F)F)c3ccccc32)Sc2ccccc21,0.012700545240946375,0
Nc1ccc(c2cccc(C3=[N+]4C(=Cc5c6ccccc6c(-c6ccccc6)n5[B-]4(F)F)c4ccccc43)c2)cc1,0.012605300196907667,0
CN(C)C=Cc1cccc2c(-c3ccccc3)n3c(c12)C=C1c2ccccc2C(c2ccccc2)=[N+]1[B-]3(F)F,0.012602394389922446,0
O=[N+]([O-])c1ccc(c2ccccc2C2=[N+]3C(=Cc4c5ccccc5c(-c5ccccc5)n4[B-]3(F)F)c3ccccc32)cc1,0.012581624301477645,0
CN1C(=Cc2cccc3c2C(c2ccccc2)=[N+]2C3=Cc3c4ccccc4c(-c4ccccc4)n3[B-]2(F)F)C(C)(C)c2ccccc21,0.012496144686068803,0
CN1C(=Cc2cccc(C3=[N+]4C(=Cc5c6ccccc6c(-c6ccccc6)n5[B-]4(F)F)c4ccccc43)c2)C=Cc2ccccc21,0.012484218459284737,0
F[B-]1(F)n2c(c3ccccc3c2-c2ccc(Cl)cc2)C=C2c3ccccc3C(c3ccccc3)=[N+]21,0.012352180411604331,0
F[B-]1(F)n2c(c3ccccc3c2-c2ccccc2)C=C2c3ccccc3C(c3ccc(Cl)cc3)=[N+]21,0.012352180411604331,0
F[B-]1(F)n2c(c3ccccc3c2-c2ccccc2)C=C2c3ccccc3C(c3cccc(C=CCl)c3)=[N+]21,0.011946780491406767,0
CN(C)C=Cc1cccc2c1C1=Cc3c4ccccc4c(-c4ccccc4)n3[B-](F)(F)[N+]1=C2c1ccccc1,0.011823970926904423,0
F[B-]1(F)n2c(c3ccccc3c2-c2ccccc2)C=C2c3ccccc3C(c3cccc(Cl)c3)=[N+]21,0.011436479220220189,0
F[B-]1(F)n2c(c3ccccc3c2-c2ccccc2)C=C2c3c(cccc3Cl)C(c3ccccc3)=[N+]21,0.011252545933219584,0
CN(C)C1=C2c3ccccc3C(c3ccccc3)=[N+]2[B-](F)(F)n2c1c1ccccc1c2-c1ccccc1,0.011178562460188748,0
CN1C(=Cc2cccc(C3=[N+]4C(=Cc5c6ccccc6c(-c6ccccc6)n5[B-]4(F)F)c4ccccc43)c2)C(C)(C)c2ccccc21,0.011099442103451918,0
CN(C)C=Cc1ccc2c(-c3ccccc3)n3c(c2c1)C=C1c2ccccc2C(c2ccccc2)=[N+]1[B-]3(F)F,0.010849192006385832,0
F[B-]1(F)n2c(c3ccccc3c2-c2ccccc2)C(C=CCl)=C2c3ccccc3C(c3ccccc3)=[N+]21,0.010826629502306197,0
Oc1cccc(C2=[N+]3C(=Cc4c5ccccc5c(-c5ccccc5)n4[B-]3(F)F)c3ccccc32)c1,0.010666551307364857,0
CN1C(=Cc2cccc3c(-c4ccccc4)n4c(c23)C=C2c3ccccc3C(c3ccccc3)=[N+]2[B-]4(F)F)C(C)(C)c2ccccc21,0.010316913113793161,0
CN(C)C=Cc1ccccc1-c1c2ccccc2c2n1[B-](F)(F)[N+]1=C(c3ccccc3)c3ccccc3C1=C2,0.010314044017387539,0
CN(C)C=Cc1ccc(C2=[N+]3C(=Cc4c5ccccc5c(-c5ccccc5)n4[B-]3(F)F)c3ccccc32)cc1,0.010190112366098054,0
CN(C)C=Cc1ccc(-c2c3ccccc3c3n2[B-](F)(F)[N+]2=C(c4ccccc4)c4ccccc4C2=C3)cc1,0.010190112366098054,0
F[B-]1(F)n2c(c3ccccc3c2-c2ccccc2)C(Cl)=C2c3ccccc3C(c3ccccc3)=[N+]21,0.010187935915424686,0
CN1C(=Cc2cccc3c2C2=Cc4c5ccccc5c(-c5ccccc5)n4[B-](F)(F)[N+]2=C3c2ccccc2)C(C)(C)c2ccccc21,0.01016240504215164,0
O=[N+]([O-])c1ccc(c2cccc(C3=[N+]4C(=Cc5c6ccccc6c(-c6ccccc6)n5[B-]4(F)F)c4ccccc43)c2)cc1,0.009983162311192579,0
CN(C)C=Cc1ccccc1C1=[N+]2C(=Cc3c4ccccc4c(-c4ccccc4)n3[B-]2(F)F)c2ccccc21,0.009749183133330027,0
CN1C(=Cc2ccccc2-c2c3ccccc3c3n2[B-](F)(F)[N+]2=C(c4ccccc4)c4ccccc4C2=C3)C(C)(C)c2ccccc21,0.00921003153728164,0
CN(C)C=CC1=C2c3ccccc3C(c3ccccc3)=[N+]2[B-](F)(F)n2c1c1ccccc1c2-c1ccccc1,0.009102972987664699,0
CN(C)C=Cc1cccc(C2=[N+]3C(=Cc4c5ccccc5c(-c5ccccc5)n4[B-]3(F)F)c3ccccc32)c1,0.008896599049855777,0
CN1C(=Cc2ccccc2C2=[N+]3C(=Cc4c5ccccc5c(-c5ccccc5)n4[B-]3(F)F)c3ccccc32)C(C)(C)c2ccccc21,0.0088503226094515,0
CN1C(=CC2=C3c4ccccc4C(c4ccccc4)=[N+]3[B-](F)(F)n3c2c2ccccc2c3-c2ccccc2)C(C)(C)c2ccccc21,0.00844113604610753,0
OC1=C2c3ccccc3C(c3ccccc3)=[N+]2[B-](F)(F)n2c1c1ccccc1c2-c1ccccc1,0.008148423043356643,0
